Unnamed: 0,loss,beta,reward,kl_divergence,seed
0.0,dpo,0.01,0.9729315506496932,2.1917698105889123,0
1.0,dpo,0.025,0.9738839548875694,1.486640056096303,0
2.0,dpo,0.05,0.9709281351243844,0.8944918934999834,0
3.0,dpo,0.1,0.966789713391452,0.4464051684370499,0
4.0,dpo,0.25,0.9337569584546728,0.1353711796957893,0
5.0,dpo,0.5,0.8772586646258133,0.0714241420839853,0
6.0,dpo,1.0,0.8608471693088068,0.085397038494649,0
7.0,dpo,2.5,0.8479932869270269,0.0944036541082046,0
8.0,dpo,5.0,0.8385828113575698,0.0520065810211667,0
9.0,hinge,0.01,0.980852699913492,1.3694382926386504,0
10.0,hinge,0.025,0.9698619738424896,1.1557176765916883,0
11.0,hinge,0.05,0.9648681110654724,0.3911984622638949,0
12.0,hinge,0.1,0.9384168606614984,0.174267459946663,0
13.0,hinge,0.25,0.8868627080598962,0.0756219273711165,0
14.0,hinge,0.5,0.8594164966848912,0.0974715489315753,0
15.0,hinge,1.0,0.8616885237634706,0.0590010414090811,0
16.0,hinge,2.5,0.8531671766598301,0.0965773137958505,0
17.0,hinge,5.0,0.8592227913225943,0.0571403193451557,0
18.0,dpo,0.01,0.9806446093014676,1.567286107656359,1
19.0,dpo,0.025,0.9709513046708016,1.5356648649689404,1
20.0,dpo,0.05,0.9738507053931824,0.8915172041497167,1
21.0,dpo,0.1,0.9667607022071606,0.4408768389308846,1
22.0,dpo,0.25,0.9119692320628964,0.1970927165413085,1
23.0,dpo,0.5,0.8675725759530033,0.1054261649639529,1
24.0,dpo,1.0,0.8581170471782389,0.0558211943468675,1
25.0,dpo,2.5,0.827675260675227,0.0918958791671075,1
26.0,dpo,5.0,0.843882174395345,0.0528624608599615,1
27.0,hinge,0.01,0.9790377375335084,1.6430240260769515,1
28.0,hinge,0.025,0.9787744088118198,1.1637672887603077,1
29.0,hinge,0.05,0.9644944037581444,0.388540627939281,1
30.0,hinge,0.1,0.9453542918615858,0.169508812417464,1
31.0,hinge,0.25,0.8767702640558709,0.0761167561654647,1
32.0,hinge,0.5,0.8604517651600763,0.0979552571020183,1
33.0,hinge,1.0,0.8637283584352117,0.060161813277772,1
34.0,hinge,2.5,0.8623022718972643,0.0939482225512379,1
35.0,hinge,5.0,0.8651293819214916,0.058727354068131,1
36.0,dpo,0.01,0.9795935121315996,1.8536061446105936,2
37.0,dpo,0.025,0.9772094031247543,1.2728386178695157,2
38.0,dpo,0.05,0.973738667136524,0.8982977169870895,2
39.0,dpo,0.1,0.9637816623699036,0.4345638435618127,2
40.0,dpo,0.25,0.9366319697104918,0.206207834312025,2
41.0,dpo,0.5,0.8934627871421399,0.0707005809624933,2
42.0,dpo,1.0,0.8589076660044375,0.0555413054568061,2
43.0,dpo,2.5,0.8332467659801769,0.0935714366336228,2
44.0,dpo,5.0,0.8416046533435001,0.1171414402827822,2
45.0,hinge,0.01,0.9836039713824284,1.3632413481734431,2
46.0,hinge,0.025,0.972328403866908,1.131224247610761,2
47.0,hinge,0.05,0.9668388182873314,0.3844920848863557,2
48.0,hinge,0.1,0.927048535180802,0.1730000561814518,2
49.0,hinge,0.25,0.8849547030391405,0.1518027547997784,2
50.0,hinge,0.5,0.8579724157015444,0.1687894581141768,2
51.0,hinge,1.0,0.8739566795038117,0.1951935089309628,2
52.0,hinge,2.5,0.8500116293826141,0.1241504193064668,2
53.0,hinge,5.0,0.8485454414651322,0.0562172708971161,2
54.0,dpo,0.01,0.9711594558918732,1.883167667754072,3
55.0,dpo,0.025,0.9640576021040324,1.7952421901137503,3
56.0,dpo,0.05,0.9700823298942414,0.9000762948094155,3
57.0,dpo,0.1,0.9659086583737516,0.432904416841582,3
58.0,dpo,0.25,0.9283268317045296,0.2052476934616822,3
59.0,dpo,0.5,0.8857297421045368,0.1180594017762674,3
60.0,dpo,1.0,0.8631371482713148,0.0562833053750948,3
61.0,dpo,2.5,0.8351780071044632,0.0840094364271576,3
62.0,dpo,5.0,0.8537875047803973,0.0817728398507885,3
63.0,hinge,0.01,0.9779897321843892,1.3499308914080772,3
64.0,hinge,0.025,0.9718726117453772,0.9073560113830328,3
65.0,hinge,0.05,0.9622194002178148,0.5609025436357564,3
66.0,hinge,0.1,0.9306969805263215,0.2287732264521286,3
67.0,hinge,0.25,0.8871400289825396,0.0757426705058295,3
68.0,hinge,0.5,0.8675974487079948,0.093003148383667,3
69.0,hinge,1.0,0.862669893343933,0.0997934713235802,3
70.0,hinge,2.5,0.862726444311702,0.0554257961335325,3
71.0,hinge,5.0,0.855868181374477,0.0591570045048836,3
72.0,dpo,0.01,0.9718851605138624,1.5722450913548496,4
73.0,dpo,0.025,0.976740385850775,1.4825123281915251,4
74.0,dpo,0.05,0.9738113151944708,1.1149711980211992,4
75.0,dpo,0.1,0.960746892118419,1.0007992951949942,4
76.0,dpo,0.25,0.9319229478147464,0.2045956874045154,4
77.0,dpo,0.5,0.8903981197253452,0.0732691443587261,4
78.0,dpo,1.0,0.8349833329716349,0.1120839121792894,4
79.0,dpo,2.5,0.8358947369694361,0.1284757798288592,4
80.0,dpo,5.0,0.8503431151863188,0.0855657943219491,4
81.0,hinge,0.01,0.9808020016003284,1.3651807918994665,4
82.0,hinge,0.025,0.9712015297031612,0.9081863929874472,4
83.0,hinge,0.05,0.9548387902299292,0.5799403157758292,4
84.0,hinge,0.1,0.9443514556561422,0.2506251545388739,4
85.0,hinge,0.25,0.8877402119222388,0.0733326462430107,4
86.0,hinge,0.5,0.8753302641459159,0.1353384801108448,4
87.0,hinge,1.0,0.8492903820208448,0.0911236039613975,4
88.0,hinge,2.5,0.8501818362223276,0.1370353495688651,4
89.0,hinge,5.0,0.8650723450100631,0.0572850860172481,4
90.0,dpo,0.01,0.97680590425618,1.5599906807805528,5
91.0,dpo,0.025,0.9779017889586392,1.2696843755273373,5
92.0,dpo,0.05,0.9731897073505096,1.1455191684430104,5
93.0,dpo,0.1,0.9584696535586265,0.694854987203548,5
94.0,dpo,0.25,0.9260614183704602,0.1971422571903771,5
95.0,dpo,0.5,0.8721834557792463,0.0729672803209037,5
96.0,dpo,1.0,0.8471199649012415,0.0555568569793812,5
97.0,dpo,2.5,0.8316274470089411,0.0525989317343978,5
98.0,dpo,5.0,0.8497849315388885,0.0522589166706414,5
99.0,hinge,0.01,0.9766795059706784,1.6193554090299012,5
100.0,hinge,0.025,0.9708792861418916,0.9076949693859796,5
101.0,hinge,0.05,0.9636139971003286,0.5798304966517858,5
102.0,hinge,0.1,0.9434724222071528,0.1745146868748567,5
103.0,hinge,0.25,0.8841373782212905,0.0742021532591489,5
104.0,hinge,0.5,0.8803979085384053,0.1290790168326102,5
105.0,hinge,1.0,0.8508010577906389,0.1918395632711999,5
106.0,hinge,2.5,0.8627892863321467,0.0541716481696493,5
107.0,hinge,5.0,0.8508167624491616,0.0941308305529306,5
108.0,dpo,0.01,0.972766895729408,1.5681282361627755,6
109.0,dpo,0.025,0.974866451210808,1.2742156037019827,6
110.0,dpo,0.05,0.9659799535322235,0.9002641177598434,6
111.0,dpo,0.1,0.9559169999097068,0.4270037562063509,6
112.0,dpo,0.25,0.9309097580179224,0.2031534411337548,6
113.0,dpo,0.5,0.8681665265825577,0.1632012282934152,6
114.0,dpo,1.0,0.8376227496282663,0.0553495357696113,6
115.0,dpo,2.5,0.8211586235713039,0.0528419052194646,6
116.0,dpo,5.0,0.8439864041685942,0.0845553325335363,6
117.0,hinge,0.01,0.982760339160508,1.350735959842495,6
118.0,hinge,0.025,0.9747500635598554,1.1596364071455536,6
119.0,hinge,0.05,0.9626925675966777,0.3845214970223705,6
120.0,hinge,0.1,0.9344548690299852,0.1678536322949583,6
121.0,hinge,0.25,0.8866248930297151,0.1214834368550699,6
122.0,hinge,0.5,0.8733819347485842,0.0598328756659483,6
123.0,hinge,1.0,0.8693027220809599,0.0591919349202084,6
124.0,hinge,2.5,0.8567197326070164,0.1389351317231041,6
125.0,hinge,5.0,0.8585112284380594,0.0986400509560465,6
126.0,dpo,0.01,0.97297205739934,1.5548566165822717,7
127.0,dpo,0.025,0.9788211337506656,1.4975543334584316,7
128.0,dpo,0.05,0.9698182838903158,1.1462306986523545,7
129.0,dpo,0.1,0.9666525780363008,0.4439755289458729,7
130.0,dpo,0.25,0.9239329206148396,0.1365201692972542,7
131.0,dpo,0.5,0.8754546506142069,0.0708958049887137,7
132.0,dpo,1.0,0.8479182483502081,0.0549173016360368,7
133.0,dpo,2.5,0.8307274688667676,0.118615888391071,7
134.0,dpo,5.0,0.8468708618977399,0.0516206677829277,7
135.0,hinge,0.01,0.9800708648574072,1.6354267361922918,7
136.0,hinge,0.025,0.971834718490718,0.9009580961333252,7
137.0,hinge,0.05,0.9617705881978618,0.5830999711800205,7
138.0,hinge,0.1,0.9407183079236712,0.2469560887553904,7
139.0,hinge,0.25,0.902852537450497,0.074407380086347,7
140.0,hinge,0.5,0.8644370507049025,0.0983621113957542,7
141.0,hinge,1.0,0.8758342606549268,0.0996854547033443,7
142.0,hinge,2.5,0.8576547031585069,0.0541222075300717,7
143.0,hinge,5.0,0.8508391028492479,0.0985460029203346,7
144.0,dpo,0.01,0.9729403686894802,1.5436120607064172,8
145.0,dpo,0.025,0.9716642808003236,1.2705404106029106,8
146.0,dpo,0.05,0.9742119472781195,1.1120449608501697,8
147.0,dpo,0.1,0.9656247002289164,0.7412003864148513,8
148.0,dpo,0.25,0.9269985071101984,0.1381657750485716,8
149.0,dpo,0.5,0.8601400221742515,0.0708617316749365,8
150.0,dpo,1.0,0.8663006792481756,0.1234802684140096,8
151.0,dpo,2.5,0.8392455810666434,0.0539777231065886,8
152.0,dpo,5.0,0.8427487963465683,0.0507228713566488,8
153.0,hinge,0.01,0.9848821600205264,1.3651273442466625,8
154.0,hinge,0.025,0.9748739773478592,1.1721881449324434,8
155.0,hinge,0.05,0.9577883710884488,0.3914849762612882,8
156.0,hinge,0.1,0.9461395756118872,0.1695549547213146,8
157.0,hinge,0.25,0.8869048937645857,0.0741693621846807,8
158.0,hinge,0.5,0.8701589305372909,0.0970459600784378,8
159.0,hinge,1.0,0.8723192636673921,0.1036707256169989,8
160.0,hinge,2.5,0.86603728631165,0.0545597789455814,8
161.0,hinge,5.0,0.848486588841537,0.0565477202210245,8
162.0,dpo,0.01,0.9788787456267746,1.5384351327939252,9
163.0,dpo,0.025,0.9732967391957644,1.500539192901569,9
164.0,dpo,0.05,0.9697209844398312,0.8964548466735967,9
165.0,dpo,0.1,0.9714142349180476,0.4310319793495359,9
166.0,dpo,0.25,0.9265856515915366,0.1950836533584563,9
167.0,dpo,0.5,0.8802228482580394,0.1551453001206653,9
168.0,dpo,1.0,0.8466677095138584,0.0886715101771586,9
169.0,dpo,2.5,0.8224245600016148,0.1279856767665977,9
170.0,dpo,5.0,0.8513651230839605,0.1183839012442031,9
171.0,hinge,0.01,0.9769457451551572,1.356423547872484,9
172.0,hinge,0.025,0.9737743413348798,0.8983599207834332,9
173.0,hinge,0.05,0.9555784768940648,0.388386909383437,9
174.0,hinge,0.1,0.930039786385256,0.2486870963494228,9
175.0,hinge,0.25,0.8677374351524922,0.121542738143213,9
176.0,hinge,0.5,0.8709158893352141,0.0979284700279354,9
177.0,hinge,1.0,0.8592689521888096,0.1041406580417185,9
178.0,hinge,2.5,0.8810851104454487,0.0541319042904715,9
179.0,hinge,5.0,0.8530367608367815,0.0577954815273682,9
180.0,padll,0.01,0.9667623411477544,1.932155484037935,0
181.0,padll,0.025,0.9807512947472278,1.3275566494564257,0
182.0,padll,0.05,0.9719698129258468,1.305940875229407,0
183.0,padll,0.1,0.9689571736937506,0.5182064292984937,0
184.0,padll,0.25,0.9365591617068568,0.1622520078160697,0
185.0,padll,0.5,0.8853371949024731,0.0782092939096398,0
186.0,padll,1.0,0.8659545047307038,0.0927101484762835,0
187.0,padll,2.5,0.8506837939103425,0.0563706702117077,0
188.0,padll,5.0,0.8416599686068658,0.0557043526414699,0
189.0,padll,0.01,0.9680445777862332,1.905940082078594,1
190.0,padll,0.025,0.9764735740011674,1.3248266139983529,1
191.0,padll,0.05,0.9778721783660586,1.086647181269219,1
192.0,padll,0.1,0.9707995921630064,0.5251082708800686,1
193.0,padll,0.25,0.9314971949299216,0.2264546377198054,1
194.0,padll,0.5,0.8810261096985196,0.1159661938908079,1
195.0,padll,1.0,0.888955710788141,0.0965822076821076,1
196.0,padll,2.5,0.8604275232822692,0.0563710375386406,1
197.0,padll,5.0,0.8369483179977688,0.1158860518644239,1
198.0,padll,0.01,0.9695833050628424,2.020400804729669,2
199.0,padll,0.025,0.978610629185394,1.3440589617400374,2
200.0,padll,0.05,0.9750827043961036,1.0804356306010985,2
201.0,padll,0.1,0.967729177103436,0.5222444381270831,2
202.0,padll,0.25,0.9395797595470794,0.2357076649563149,2
203.0,padll,0.5,0.9020052145841182,0.0815099561905787,2
204.0,padll,1.0,0.8809813451527152,0.0621929995118048,2
205.0,padll,2.5,0.8554631770040433,0.0956260857721734,2
206.0,padll,5.0,0.8637838777478901,0.0577305680142747,2
207.0,padll,0.01,0.9665335157304652,2.011984052307168,3
208.0,padll,0.025,0.9788904850842082,1.5588499981483643,3
209.0,padll,0.05,0.969325064917386,1.0757416391507495,3
210.0,padll,0.1,0.9728844910640618,0.5156050694740204,3
211.0,padll,0.25,0.9447253006392856,0.234869745860649,3
212.0,padll,0.5,0.886327028987027,0.0794625092994964,3
213.0,padll,1.0,0.8682541111845349,0.0630767694150869,3
214.0,padll,2.5,0.8677027324944502,0.0870078151356712,3
215.0,padll,5.0,0.8663163377922901,0.1113721691798539,3
216.0,padll,0.01,0.9678616849307436,2.029805467924804,4
217.0,padll,0.025,0.9741594916907488,1.3337669519131563,4
218.0,padll,0.05,0.9789885889124708,1.0814781287493127,4
219.0,padll,0.1,0.9639625348264818,0.738848202441178,4
220.0,padll,0.25,0.9463029489550971,0.1655380496562374,4
221.0,padll,0.5,0.8929041247732239,0.1240104826252562,4
222.0,padll,1.0,0.8563895227072353,0.1298820588209499,4
223.0,padll,2.5,0.8699404310486861,0.0912481342874928,4
224.0,padll,5.0,0.859010063201451,0.0867700390581514,4
225.0,padll,0.01,0.9647524627788808,1.9252410427414248,5
226.0,padll,0.025,0.9706442444272106,1.3236686516164895,5
227.0,padll,0.05,0.9761187454899192,1.5067721450243217,5
228.0,padll,0.1,0.9670226105816256,0.7314468300283765,5
229.0,padll,0.25,0.9349722531023726,0.230943656682816,5
230.0,padll,0.5,0.903862601115281,0.1271218929117793,5
231.0,padll,1.0,0.8685697406890104,0.0610507116577156,5
232.0,padll,2.5,0.8584459703599278,0.0567441407776249,5
233.0,padll,5.0,0.8609820181034156,0.0858839952452117,5
234.0,padll,0.01,0.96844949632691,1.9231834370992456,6
235.0,padll,0.025,0.9777861181837506,1.326753521243272,6
236.0,padll,0.05,0.9748378575302484,1.0728907830645291,6
237.0,padll,0.1,0.9589004464972531,0.5154865318078922,6
238.0,padll,0.25,0.9303789309115964,0.2343368481924929,6
239.0,padll,0.5,0.8785703873411111,0.0800166900405044,6
240.0,padll,1.0,0.8705049811125791,0.0603268118521032,6
241.0,padll,2.5,0.8505571242062142,0.0569351897737873,6
242.0,padll,5.0,0.8784485259343928,0.0862277567263201,6
243.0,padll,0.01,0.9677425324332436,2.036551864331078,7
244.0,padll,0.025,0.9804633395227138,1.5821836658371853,7
245.0,padll,0.05,0.9688204084739264,1.3038881504880269,7
246.0,padll,0.1,0.9630904824330356,0.5206434154942025,7
247.0,padll,0.25,0.932731687466032,0.1624021457111004,7
248.0,padll,0.5,0.8790736771761731,0.0797827933821287,7
249.0,padll,1.0,0.874027299413312,0.0620189948253314,7
250.0,padll,2.5,0.8670542772019689,0.1273822448309595,7
251.0,padll,5.0,0.8628685089780774,0.056643271749071,7
252.0,padll,0.01,0.9626263979675714,1.927081274599677,8
253.0,padll,0.025,0.9837969098030008,1.6050305629932355,8
254.0,padll,0.05,0.9698969852073352,1.084327919093972,8
255.0,padll,0.1,0.9579331781654036,0.7648796331867317,8
256.0,padll,0.25,0.9375382485956651,0.2354984982765957,8
257.0,padll,0.5,0.8849060980641807,0.1258940870989686,8
258.0,padll,1.0,0.874933978880872,0.1353432074344503,8
259.0,padll,2.5,0.8363777304417163,0.0563604798522451,8
260.0,padll,5.0,0.8532838824282808,0.0830855156905939,8
261.0,padll,0.01,0.966794193766138,1.984493025520232,9
262.0,padll,0.025,0.9807429024883312,1.3372742613445452,9
263.0,padll,0.05,0.9673709276252777,1.3081093429644786,9
264.0,padll,0.1,0.9697345197405376,0.5168222715948166,9
265.0,padll,0.25,0.9222060791939148,0.1646625221275374,9
266.0,padll,0.5,0.8960272566506173,0.2573060288816703,9
267.0,padll,1.0,0.868903445246513,0.1200117945904738,9
268.0,padll,2.5,0.8517774472822203,0.0575114603561688,9
269.0,padll,5.0,0.8834500029010233,0.0855239262796944,9
270.0,pfl,0.01,0.8488546400806517,0.186891807899165,0
271.0,pfl,0.025,0.8370422653148416,0.1212941029185064,0
272.0,pfl,0.05,0.8509703462559264,0.1134954946185504,0
273.0,pfl,0.1,0.8371750423983031,0.1213182343814512,0
274.0,pfl,0.25,0.8582871055714495,0.055969073171697,0
275.0,pfl,0.5,0.8235663047994022,0.1843141026440594,0
276.0,pfl,1.0,0.8465262156885874,0.1866656196805185,0
277.0,pfl,2.5,0.8294916958778631,0.183795421342383,0
278.0,pfl,5.0,0.8364666143883369,0.1841702105786328,0
279.0,cell,0.01,0.9820339352482116,1.367253814701778,0
280.0,cell,0.025,0.9640416415713844,1.359315815430029,0
281.0,cell,0.05,0.9678662701575086,0.6185266582980973,0
282.0,cell,0.1,0.9478423511502916,0.2616444020816085,0
283.0,cell,0.25,0.8161383593301871,0.2766429659278233,0
284.0,cell,0.5,0.7125612306465918,0.3401677316381137,0
285.0,cell,1.0,0.5681146254870401,0.5073011333804721,0
286.0,cell,2.5,0.7129431092540326,0.1434066531784451,0
287.0,cell,5.0,,,0
288.0,pfl,0.01,0.8382842828130525,0.1200074225710954,1
289.0,pfl,0.025,0.8353785400011984,0.0565353696464426,1
290.0,pfl,0.05,0.8486527491489542,0.1199839502904454,1
291.0,pfl,0.1,0.8413648326168477,0.0976844892903132,1
292.0,pfl,0.25,0.8554690778992954,0.1134554566859867,1
293.0,pfl,0.5,0.8417237408816581,0.0554979445751175,1
294.0,pfl,1.0,0.8660217692074949,0.1186177840367618,1
295.0,pfl,2.5,0.8270875558528351,0.1825091943990645,1
296.0,pfl,5.0,0.8389197215473396,0.1217841145745171,1
297.0,cell,0.01,0.9779178540122812,1.58607443614863,1
298.0,cell,0.025,0.9765915698109892,1.0497159875578403,1
299.0,cell,0.05,0.964945943688741,1.191060927842884,1
300.0,cell,0.1,0.9481751424084068,0.45749965966251,1
301.0,cell,0.25,0.8311723547821166,0.2774162999465389,1
302.0,cell,0.5,0.7579804506438959,0.3508501963814361,1
303.0,cell,1.0,0.5593799564991204,0.197026911678467,1
304.0,cell,2.5,0.7088725065639592,0.0515590756493782,1
305.0,cell,5.0,,,1
306.0,pfl,0.01,0.837170886934211,0.0555366244925357,2
307.0,pfl,0.025,0.8319745345780685,0.1209263004926508,2
308.0,pfl,0.05,0.8526616401824576,0.1649675889259596,2
309.0,pfl,0.1,0.85989332756988,0.055861543979918,2
310.0,pfl,0.25,0.8436166460426466,0.0557889050704776,2
311.0,pfl,0.5,0.8293452147193311,0.1874383832439383,2
312.0,pfl,1.0,0.8600921174724353,0.120169215326091,2
313.0,pfl,2.5,0.8300352635364107,0.1212286697104738,2
314.0,pfl,5.0,0.859081817774364,0.1668516784366312,2
315.0,cell,0.01,0.980674607807945,1.342364677688602,2
316.0,cell,0.025,0.9747947993270936,1.3577881074219438,2
317.0,cell,0.05,0.9669128251097864,0.6170592870595462,2
318.0,cell,0.1,0.9527247300857272,0.2588081665677283,2
319.0,cell,0.25,0.7988698676396744,0.8941365851720783,2
320.0,cell,0.5,0.714894115422212,0.5708529628217368,2
321.0,cell,1.0,0.5525237288857461,0.1956493697566294,2
322.0,cell,2.5,0.7019395787334651,0.0524141901316751,2
323.0,cell,5.0,,,2
324.0,pfl,0.01,0.8405475552812568,0.1179826945547581,3
325.0,pfl,0.025,0.8242149059986114,0.1805518736105871,3
326.0,pfl,0.05,0.849741399822582,0.055941092093471,3
327.0,pfl,0.1,0.8514225912647089,0.0548458505908903,3
328.0,pfl,0.25,0.8543192322413379,0.0561174509647954,3
329.0,pfl,0.5,0.8199984628190287,0.1196340390053702,3
330.0,pfl,1.0,0.851364749735978,0.1232704346632987,3
331.0,pfl,2.5,0.8491534336234327,0.1212156063886226,3
332.0,pfl,5.0,0.8295555687874148,0.1214157268851927,3
333.0,cell,0.01,0.9759074046854512,1.3608364309543295,3
334.0,cell,0.025,0.9728751164446002,1.357855486815728,3
335.0,cell,0.05,0.9707768074680352,0.9254530399220804,3
336.0,cell,0.1,0.9516813456582603,0.2635318810901886,3
337.0,cell,0.25,0.8151516876909009,0.2778731279483448,3
338.0,cell,0.5,0.7062801836703438,0.3428179252293293,3
339.0,cell,1.0,0.5863886483537207,0.3403556201805527,3
340.0,cell,2.5,0.7211019964557199,0.0996000559329317,3
341.0,cell,5.0,,,3
342.0,pfl,0.01,0.8458595599037362,0.1211345262121112,4
343.0,pfl,0.025,0.8362762716955913,0.1211547497324796,4
344.0,pfl,0.05,0.8537488836117555,0.0548983782111334,4
345.0,pfl,0.1,0.8372980939610861,0.1798763748472706,4
346.0,pfl,0.25,0.831118954306672,0.0559464091741113,4
347.0,pfl,0.5,0.848156698717561,0.0998474846842401,4
348.0,pfl,1.0,0.8259041551140545,0.0550728495065789,4
349.0,pfl,2.5,0.8465374361893919,0.0567027947881182,4
350.0,pfl,5.0,0.8584468662686704,0.0555894613458938,4
351.0,cell,0.01,0.9787559750536456,1.346356476386004,4
352.0,cell,0.025,0.9778106499952264,1.0649487893894312,4
353.0,cell,0.05,0.9630199533615378,0.6129675172028194,4
354.0,cell,0.1,0.9497307520131,0.2653471831755258,4
355.0,cell,0.25,0.8254541149589059,0.4135906106317314,4
356.0,cell,0.5,0.703547834165016,0.5519069489978609,4
357.0,cell,1.0,0.5485654086075665,0.5125504607828127,4
358.0,cell,2.5,0.6986388828440103,0.0983647929069258,4
359.0,cell,5.0,,,4
360.0,pfl,0.01,0.8414992830270203,0.0560665204950821,5
361.0,pfl,0.025,0.8503251670751488,0.1193235791350632,5
362.0,pfl,0.05,0.8222481619869358,0.2442879109562764,5
363.0,pfl,0.1,0.8432232213507231,0.1763765334411192,5
364.0,pfl,0.25,0.8479430506994249,0.1237277118472717,5
365.0,pfl,0.5,0.8582757161582122,0.0560066360124955,5
366.0,pfl,1.0,0.8333654473390197,0.0555363898328073,5
367.0,pfl,2.5,0.8422159149706422,0.1199647387480494,5
368.0,pfl,5.0,0.8455934372584742,0.1798085209589828,5
369.0,cell,0.01,0.9774818448819568,1.350289218498901,5
370.0,cell,0.025,0.9796631387601956,1.06047845571319,5
371.0,cell,0.05,0.9638339778636,0.608907245786763,5
372.0,cell,0.1,0.9476391297061344,0.4612001416580999,5
373.0,cell,0.25,0.8135851950260112,0.272891662072476,5
374.0,cell,0.5,0.7069484691088146,0.5774250673430786,5
375.0,cell,1.0,0.5575855986677343,0.5102695731925114,5
376.0,cell,2.5,0.7066453094734461,0.0515550941866716,5
377.0,cell,5.0,,,5
378.0,pfl,0.01,0.8443907715364476,0.0547342991700828,6
379.0,pfl,0.025,0.8353153441815812,0.1210464654223349,6
380.0,pfl,0.05,0.8427606112792855,0.1186037374523984,6
381.0,pfl,0.1,0.842856318937993,0.1200521417691962,6
382.0,pfl,0.25,0.83355907665618,0.1201241151474257,6
383.0,pfl,0.5,0.8614469400064845,0.0558754916123654,6
384.0,pfl,1.0,0.8506034670448862,0.1198125966874021,6
385.0,pfl,2.5,0.8548101065332012,0.0556383864423502,6
386.0,pfl,5.0,0.8397919422751292,0.0555882764463831,6
387.0,cell,0.01,0.9785047440247726,1.8005231231966434,6
388.0,cell,0.025,0.9746429802669444,1.060914203820859,6
389.0,cell,0.05,0.9658740997703862,0.6130207329155956,6
390.0,cell,0.1,0.9477948486220558,0.2560197097098278,6
391.0,cell,0.25,0.8206034361859201,0.2772692067568204,6
392.0,cell,0.5,0.701348246150621,0.3440634171706963,6
393.0,cell,1.0,0.557463359253743,0.3561524504448259,6
394.0,cell,2.5,0.7158072466706217,0.0521415460488124,6
395.0,cell,5.0,,,6
396.0,pfl,0.01,0.8298517909787478,0.1200074858680025,7
397.0,pfl,0.025,0.8471966809235164,0.1189087224222262,7
398.0,pfl,0.05,0.86780659973211,0.0550675810067687,7
399.0,pfl,0.1,0.8487559637606319,0.1206847498792376,7
400.0,pfl,0.25,0.8292312383725075,0.055488583841473,7
401.0,pfl,0.5,0.8396318126444239,0.118157891647203,7
402.0,pfl,1.0,0.8517229833226884,0.1575040399746836,7
403.0,pfl,2.5,0.827163423357415,0.1139319031083178,7
404.0,pfl,5.0,0.8516962750929815,0.0550622899984335,7
405.0,cell,0.01,0.97780706474249,1.6074489578600637,7
406.0,cell,0.025,0.9692805344927474,1.0597072185503942,7
407.0,cell,0.05,0.9728983547212556,0.6103546942699538,7
408.0,cell,0.1,0.9524673733378586,0.2628832422973645,7
409.0,cell,0.25,0.8294816402970755,0.522080876815479,7
410.0,cell,0.5,0.7344863709521305,0.5516702617529649,7
411.0,cell,1.0,0.5609628855090996,0.198965901539738,7
412.0,cell,2.5,0.6967710725610669,0.1383760813544815,7
413.0,cell,5.0,,,7
414.0,pfl,0.01,0.8386676914074633,0.0553906215163751,8
415.0,pfl,0.025,0.8422112860617926,0.1163659308136469,8
416.0,pfl,0.05,0.8184319111528457,0.0564129416434564,8
417.0,pfl,0.1,0.8486842502939981,0.0561049890822386,8
418.0,pfl,0.25,0.8467335905342188,0.0553040556292648,8
419.0,pfl,0.5,0.8408152400069521,0.1786916840561971,8
420.0,pfl,1.0,0.8527238281221071,0.119576982947869,8
421.0,pfl,2.5,0.8126936206170648,0.0533625060845066,8
422.0,pfl,5.0,0.8447096892377304,0.056177837565033,8
423.0,cell,0.01,0.967942883043026,1.3712300796984496,8
424.0,cell,0.025,0.9838198332228348,1.361699433907049,8
425.0,cell,0.05,0.9668273837692396,0.6045168963747702,8
426.0,cell,0.1,0.9567851200682052,0.2630418208359286,8
427.0,cell,0.25,0.8251695092929585,0.2788415840581943,8
428.0,cell,0.5,0.7253687477866188,0.5485187770469478,8
429.0,cell,1.0,0.554676471102488,0.1968946265408312,8
430.0,cell,2.5,0.718656218422926,0.0502831728102249,8
431.0,cell,5.0,,,8
432.0,pfl,0.01,0.8439839622661238,0.0563690594161184,9
433.0,pfl,0.025,0.8477909123568388,0.118910124566374,9
434.0,pfl,0.05,0.8435922515314597,0.0534252814206974,9
435.0,pfl,0.1,0.8326329135492561,0.1206725097239732,9
436.0,pfl,0.25,0.8483507778793864,0.1652470360465722,9
437.0,pfl,0.5,0.8343206793997379,0.1791574807742774,9
438.0,pfl,1.0,0.8379933804224711,0.1199999279970195,9
439.0,pfl,2.5,0.8364620490883535,0.1191812824776671,9
440.0,pfl,5.0,0.84587840368459,0.1860198768144466,9
441.0,cell,0.01,0.981029107242124,1.3618412883787163,9
442.0,cell,0.025,0.9755437067281456,1.0658578451766412,9
443.0,cell,0.05,0.9605603507602064,0.6046486020770688,9
444.0,cell,0.1,0.9495619746330194,0.2663493980071857,9
445.0,cell,0.25,0.8114410994660866,0.2797862050659679,9
446.0,cell,0.5,0.7115490938209114,0.564551339796039,9
447.0,cell,1.0,0.5638422695116314,0.3575772528185633,9
448.0,cell,2.5,0.7207113048094906,0.0520297869233477,9
449.0,cell,5.0,,,9
450.0,aql,0.01,0.9797331928221976,1.707322047526855,0
451.0,aql,0.025,0.9747046785642742,1.0826914291880323,0
452.0,aql,0.05,0.9747979888205882,0.7200639729739273,0
453.0,aql,0.1,0.9464638124313788,0.4336448154354398,0
454.0,aql,0.25,0.9014156385979732,0.1682157173874914,0
455.0,aql,0.5,0.8779651494126011,0.1195647748683033,0
456.0,aql,1.0,0.8537016467588546,0.0825969234350377,0
457.0,aql,2.5,0.8521819256846793,0.0557309080920323,0
458.0,aql,5.0,0.8397576514950488,0.055907763343066,0
459.0,aql,0.01,0.973997878257942,1.6696897690079953,1
460.0,aql,0.025,0.9709000938077806,1.0891290588304248,1
461.0,aql,0.05,0.9723581037053664,0.7333881983871942,1
462.0,aql,0.1,0.9399725149858276,0.3279791211396115,1
463.0,aql,0.25,0.9054220052895252,0.1237750399143414,1
464.0,aql,0.5,0.8741551308287308,0.0856846109003446,1
465.0,aql,1.0,0.8571856108578213,0.1085772773844262,1
466.0,aql,2.5,0.8699290906200186,0.1035331186992506,1
467.0,aql,5.0,0.8507838669874472,0.0547679344961944,1
468.0,aql,0.01,0.9753762794142822,1.4821539931337764,2
469.0,aql,0.025,0.9793221031025752,1.3369039808989414,2
470.0,aql,0.05,0.9689094130711456,0.5389070214483784,2
471.0,aql,0.1,0.951673783883598,0.2260253204644113,2
472.0,aql,0.25,0.906531592254847,0.1676330726969715,2
473.0,aql,0.5,0.8499926120339951,0.0587540320368185,2
474.0,aql,1.0,0.8587298248610459,0.0551255019713011,2
475.0,aql,2.5,0.8480976778318873,0.1040038808816653,2
476.0,aql,5.0,0.8556117233348195,0.1110295083829464,2
477.0,aql,0.01,0.9778440697340992,1.4843999775462655,3
478.0,aql,0.025,0.9755385024861898,1.080520156267896,3
479.0,aql,0.05,0.9657534232125036,0.5437514633201371,3
480.0,aql,0.1,0.9542033714352292,0.2292493910083576,3
481.0,aql,0.25,0.8923422294444754,0.1284029183771859,3
482.0,aql,0.5,0.8587150469589396,0.0590523242728811,3
483.0,aql,1.0,0.8696032983984332,0.0544606115577606,3
484.0,aql,2.5,0.8523271025152354,0.0899249337714396,3
485.0,aql,5.0,0.8583738984928059,0.2075192196924822,3
486.0,aql,0.01,0.9730841735612484,1.4986211456441747,4
487.0,aql,0.025,0.9663825432371232,1.3770698234596186,4
488.0,aql,0.05,0.9611923122417648,0.7323084382395271,4
489.0,aql,0.1,0.9499692834129092,0.3264429676593764,4
490.0,aql,0.25,0.8920103199445876,0.0857300492220146,4
491.0,aql,0.5,0.8839621335669654,0.0876388293215126,4
492.0,aql,1.0,0.858066032030154,0.080384141366693,4
493.0,aql,2.5,0.8501213513122348,0.103623682706919,4
494.0,aql,5.0,0.8617726744801912,0.0552772824368965,4
495.0,aql,0.01,0.9817528722182032,1.6667317858377506,5
496.0,aql,0.025,0.9660478117604508,1.3092698957991635,5
497.0,aql,0.05,0.966813109402894,0.914844409839527,5
498.0,aql,0.1,0.9417920248518348,0.3220417592965678,5
499.0,aql,0.25,0.9016959447162808,0.1269267615767827,5
500.0,aql,0.5,0.8588218128389854,0.0602529334813622,5
501.0,aql,1.0,0.8557664051265456,0.1085770742808769,5
502.0,aql,2.5,0.852162882748089,0.0552496765252394,5
503.0,aql,5.0,0.8611102062210266,0.1081401017110026,5
504.0,aql,0.01,0.979324551711208,1.6588511066712912,6
505.0,aql,0.025,0.9836918740661932,1.0834930418427795,6
506.0,aql,0.05,0.9717420044824248,0.5397040864589364,6
507.0,aql,0.1,0.9343222186423664,0.2976137980375172,6
508.0,aql,0.25,0.8932018220081809,0.2080028565642372,6
509.0,aql,0.5,0.8704524384167162,0.0603980664976604,6
510.0,aql,1.0,0.8514001186084351,0.0832517026617566,6
511.0,aql,2.5,0.8611224454862532,0.0991584753367642,6
512.0,aql,5.0,0.867028314372903,0.0562722678623515,6
513.0,aql,0.01,0.9819669639861096,1.4766508614029663,7
514.0,aql,0.025,0.9678757187177544,1.0913340692248306,7
515.0,aql,0.05,0.9716551084594104,0.5419906318416389,7
516.0,aql,0.1,0.9432437474804174,0.2296647008014797,7
517.0,aql,0.25,0.9112577400661248,0.1269507880305658,7
518.0,aql,0.5,0.8722044311254286,0.1181558717087655,7
519.0,aql,1.0,0.850602322690218,0.0825124134444733,7
520.0,aql,2.5,0.858811402120773,0.0970177402401159,7
521.0,aql,5.0,0.8581025236138375,0.0558501320478587,7
522.0,aql,0.01,0.9828592371841076,1.4742794440466545,8
523.0,aql,0.025,0.9679038722465628,1.0901529127623917,8
524.0,aql,0.05,0.9639297048901498,0.7143162144011668,8
525.0,aql,0.1,0.9520384463198716,0.2274211152610542,8
526.0,aql,0.25,0.8974169239188196,0.0864597962883473,8
527.0,aql,0.5,0.8513275822005817,0.1162313598934336,8
528.0,aql,1.0,0.8427494246906426,0.1123305762122329,8
529.0,aql,2.5,0.8362063636278035,0.145267746559115,8
530.0,aql,5.0,0.8692601907500939,0.0560444742370617,8
531.0,aql,0.01,0.9834946256250842,1.486111687520158,9
532.0,aql,0.025,0.9743583355399896,1.2790022337189444,9
533.0,aql,0.05,0.9696600210141624,0.5376894999380167,9
534.0,aql,0.1,0.953040841543756,0.2289690004565652,9
535.0,aql,0.25,0.8834857406543742,0.1274360539601557,9
536.0,aql,0.5,0.8636509945486615,0.1180430403985623,9
537.0,aql,1.0,0.8464941652179404,0.0541844235542097,9
538.0,aql,2.5,0.8473207693018776,0.1013429720252217,9
539.0,aql,5.0,0.8498530567222333,0.1094511319975665,9
540.0,aqfl,0.01,0.9778974524025688,1.302720743218475,0
541.0,aqfl,0.025,0.9768626198089916,1.1457840143532907,0
542.0,aqfl,0.05,0.976765080119134,1.0397928715111893,0
543.0,aqfl,0.1,0.9716732775951968,0.3708850488539448,0
544.0,aqfl,0.25,0.9337635243871774,0.1705130391137222,0
545.0,aqfl,0.5,0.8747594950436615,0.0655832515123993,0
546.0,aqfl,1.0,0.870066388559062,0.0567111136717818,0
547.0,aqfl,2.5,0.8547216495750763,0.0542547722770098,0
548.0,aqfl,5.0,0.850033677696716,0.0534555289092832,0
549.0,aqfl,0.01,0.9798840246924664,1.13266270368128,1
550.0,aqfl,0.025,0.9758919680477702,1.4186572962908133,1
551.0,aqfl,0.05,0.9768171818719712,0.8127667406282573,1
552.0,aqfl,0.1,0.9573779713032128,0.372816446958541,1
553.0,aqfl,0.25,0.912153556755162,0.1665462415913506,1
554.0,aqfl,0.5,0.8741690485587751,0.1111145843845096,1
555.0,aqfl,1.0,0.875900009698089,0.0954123285387022,1
556.0,aqfl,2.5,0.8469486410401005,0.0564210297224939,1
557.0,aqfl,5.0,0.8393737163058831,0.1179335174233806,1
558.0,aqfl,0.01,0.9788339743896504,1.117232135872039,2
559.0,aqfl,0.025,0.9817650247151616,1.1449162292402033,2
560.0,aqfl,0.05,0.9752591756502806,0.8219305510095454,2
561.0,aqfl,0.1,0.9580739699398982,0.368996519351583,2
562.0,aqfl,0.25,0.9145269045646128,0.2254810457487894,2
563.0,aqfl,0.5,0.8624002306383918,0.1622802598731899,2
564.0,aqfl,1.0,0.8652180267974326,0.0997005493487504,2
565.0,aqfl,2.5,0.8531037250904192,0.174357169650803,2
566.0,aqfl,5.0,0.8544720154270472,0.0866852114564432,2
567.0,aqfl,0.01,0.9727534277040976,1.140938797463286,3
568.0,aqfl,0.025,0.9807051062400568,1.1501497755376806,3
569.0,aqfl,0.05,0.973819557500712,0.8114409296903693,3
570.0,aqfl,0.1,0.9646968555893982,0.3719598381035702,3
571.0,aqfl,0.25,0.9143453355799428,0.1629575152158406,3
572.0,aqfl,0.5,0.8839161766387987,0.0661888985564359,3
573.0,aqfl,1.0,0.8671494130169449,0.1005445023746121,3
574.0,aqfl,2.5,0.8689121139054768,0.0895103220470164,3
575.0,aqfl,5.0,0.8424519801893621,0.0824366463191384,3
576.0,aqfl,0.01,0.9798884132916864,1.1203817250599477,4
577.0,aqfl,0.025,0.9729007138239686,1.1497265329773438,4
578.0,aqfl,0.05,0.9769161407562788,0.8153090678961402,4
579.0,aqfl,0.1,0.9548822477554204,1.054591917101056,4
580.0,aqfl,0.25,0.9204115173277678,0.1691886783110592,4
581.0,aqfl,0.5,0.8942809759814699,0.1610163765609251,4
582.0,aqfl,1.0,0.8549554453374294,0.1367675722959692,4
583.0,aqfl,2.5,0.8657783693019301,0.1337546391476213,4
584.0,aqfl,5.0,0.855863055124908,0.0532130414184648,4
585.0,aqfl,0.01,0.9797753364096862,1.135808330091422,5
586.0,aqfl,0.025,0.9827583929496468,1.4041965157406138,5
587.0,aqfl,0.05,0.9746251584082491,0.8033316536865153,5
588.0,aqfl,0.1,0.958334584402619,0.5220946224881864,5
589.0,aqfl,0.25,0.9126617455379455,0.1638195847462057,5
590.0,aqfl,0.5,0.8734556230468734,0.1111806558707388,5
591.0,aqfl,1.0,0.8546682919575833,0.0564722484564837,5
592.0,aqfl,2.5,0.8484639012018451,0.0906714692296476,5
593.0,aqfl,5.0,0.8437166986705561,0.0867237600363952,5
594.0,aqfl,0.01,0.9787064945998718,1.1325394659652632,6
595.0,aqfl,0.025,0.9720560409460448,1.1470979582625318,6
596.0,aqfl,0.05,0.978690668519528,1.0330197473249352,6
597.0,aqfl,0.1,0.9543294276478118,0.3611397680884966,6
598.0,aqfl,0.25,0.9209678142676712,0.1120267001065341,6
599.0,aqfl,0.5,0.8810802940256254,0.1166600101877354,6
600.0,aqfl,1.0,0.8559896806226461,0.0567274502742557,6
601.0,aqfl,2.5,0.8710275742471858,0.0925062256249369,6
602.0,aqfl,5.0,0.8438718352233409,0.05335880736349,6
603.0,aqfl,0.01,0.976821296987473,1.278585087823823,7
604.0,aqfl,0.025,0.9720810739683802,1.4118973621783986,7
605.0,aqfl,0.05,0.972728524786886,1.0297015734726491,7
606.0,aqfl,0.1,0.9550921743270592,0.5279464179693953,7
607.0,aqfl,0.25,0.9169819162114872,0.1127718536859458,7
608.0,aqfl,0.5,0.8769555747976993,0.0655396990750224,7
609.0,aqfl,1.0,0.8656806732642581,0.0571933281919555,7
610.0,aqfl,2.5,0.8528127786355908,0.1217086884394189,7
611.0,aqfl,5.0,0.8623890791112789,0.0849293435350776,7
612.0,aqfl,0.01,0.9788242282490828,1.1185894440606428,8
613.0,aqfl,0.025,0.978738399341295,1.1519596991886336,8
614.0,aqfl,0.05,0.9758041391099976,0.8145105167562264,8
615.0,aqfl,0.1,0.955475006896886,0.5504222976293994,8
616.0,aqfl,0.25,0.9167723499153216,0.1117310491538088,8
617.0,aqfl,0.5,0.8586292898399989,0.066456808268915,8
618.0,aqfl,1.0,0.8616781799739401,0.1430133750116297,8
619.0,aqfl,2.5,0.843513133835484,0.0554838139302021,8
620.0,aqfl,5.0,0.8573900345317379,0.053481065966521,8
621.0,aqfl,0.01,0.97524871471012,1.120119012711218,9
622.0,aqfl,0.025,0.9749015995604569,1.1502555849267997,9
623.0,aqfl,0.05,0.9668924223983776,1.0160834722891188,9
624.0,aqfl,0.1,0.9604352088879676,0.3687618931951116,9
625.0,aqfl,0.25,0.926468963397434,0.1617013443547302,9
626.0,aqfl,0.5,0.8682446084285621,0.1957982471469314,9
627.0,aqfl,1.0,0.8462576182341145,0.0997646629209478,9
628.0,aqfl,2.5,0.8546132815697929,0.0544899154148756,9
629.0,aqfl,5.0,0.8522601223289384,0.0856117562213966,9
630.0,lrml,0.01,0.1565095172978763,0.1491531422056939,0
631.0,lrml,0.01,0.1526736335549503,0.0756725987601791,1
632.0,lrml,0.01,0.1622296119809034,0.1498012550183931,2
633.0,lrml,0.01,0.1523153328121989,0.0750942301258914,3
634.0,lrml,0.01,0.1556466386367101,0.0753597241996075,4
635.0,lrml,0.01,0.1376696522122074,0.2243497455464595,5
636.0,lrml,0.01,0.1539324876111059,0.0732900589136628,6
637.0,lrml,0.01,0.1463046700888371,0.2177584482399663,7
638.0,lrml,0.01,0.140872112581419,0.0756932579565555,8
639.0,lrml,0.01,0.1586073773326061,0.1428044177496666,9
640.0,lrml,0.025,0.9711707381523448,1.004613686966884,0
641.0,lrml,0.025,0.974017522500246,1.0037356551585648,1
642.0,lrml,0.025,0.9703424103336874,1.4071227061323208,2
643.0,lrml,0.025,0.9787892652850132,1.0205977860911997,3
644.0,lrml,0.025,0.9709251958027598,1.0164931357704796,4
645.0,lrml,0.025,0.9773141079396592,1.0042101356462805,5
646.0,lrml,0.025,0.9777422669834924,0.9963123503706088,6
647.0,lrml,0.025,0.9765043745174772,0.995654036306825,7
648.0,lrml,0.025,0.9746589823704562,1.0021862473337746,8
649.0,lrml,0.025,0.974848004199157,1.3811318491878777,9
650.0,lrml,0.05,0.9748801169256912,0.6574511637052077,0
651.0,lrml,0.05,0.9759803987808408,0.6516393182867574,1
652.0,lrml,0.05,0.971584482724662,0.6581918904780767,2
653.0,lrml,0.05,0.9778037472098948,0.6658193354779252,3
654.0,lrml,0.05,0.9795048828412546,0.6574627489233111,4
655.0,lrml,0.05,0.9743773456657364,0.6519136801710691,5
656.0,lrml,0.05,0.97544563264295,0.6575659267025129,6
657.0,lrml,0.05,0.9709017320391722,0.6529370967112452,7
658.0,lrml,0.05,0.9795860355052282,0.6513584060960909,8
659.0,lrml,0.05,0.9719488599549512,0.659005805959518,9
660.0,lrml,0.1,0.9576265420781565,0.2864998722286403,0
661.0,lrml,0.1,0.9737671650624252,0.2906331132298856,1
662.0,lrml,0.1,0.9676463659500588,0.3989832959201893,2
663.0,lrml,0.1,0.9619601509075146,0.2902300032005807,3
664.0,lrml,0.1,0.9669865865129396,0.2884188608580797,4
665.0,lrml,0.1,0.9597104785759002,0.394269374515885,5
666.0,lrml,0.1,0.9607517631560332,0.3897390263950344,6
667.0,lrml,0.1,0.96109853784804,0.3861818366450847,7
668.0,lrml,0.1,0.9673621244241368,0.2886496984211862,8
669.0,lrml,0.1,0.9665113114174456,0.2900187384307682,9
670.0,lrml,0.25,0.9335889981873042,0.1111927330964106,0
671.0,lrml,0.25,0.9174856641496298,0.1120143075479929,1
672.0,lrml,0.25,0.9366818141987896,0.1114868407546388,2
673.0,lrml,0.25,0.9240051868236332,0.1635706919263135,3
674.0,lrml,0.25,0.9369127448652872,0.1647128491936571,4
675.0,lrml,0.25,0.9170217520660954,0.1099137502834336,5
676.0,lrml,0.25,0.9288421166135232,0.1096589740481816,6
677.0,lrml,0.25,0.914795355099719,0.1668168646869414,7
678.0,lrml,0.25,0.923246166644676,0.2197928719677276,8
679.0,lrml,0.25,0.919865051409928,0.1095764570320967,9
680.0,lrml,0.5,0.8986048717676894,0.0831728151590356,0
681.0,lrml,0.5,0.8759568337529782,0.0822476975687195,1
682.0,lrml,0.5,0.8983278057518764,0.0836217939379308,2
683.0,lrml,0.5,0.8987619757496578,0.0831728470565488,3
684.0,lrml,0.5,0.8773048605733493,0.1667272967260595,4
685.0,lrml,0.5,0.8908698530610418,0.1676389526397556,5
686.0,lrml,0.5,0.8992834150182316,0.0823799760813519,6
687.0,lrml,0.5,0.8952121542239911,0.0869479532559649,7
688.0,lrml,0.5,0.8895697436282062,0.1336925960977511,8
689.0,lrml,0.5,0.8854553558874176,0.1576768938390592,9
690.0,lrml,1.0,0.8566546466589497,0.0751865417862734,0
691.0,lrml,1.0,0.847717000726785,0.1515168099928103,1
692.0,lrml,1.0,0.8428173804871621,0.1515518277371564,2
693.0,lrml,1.0,0.8591311000351852,0.0750376872881681,3
694.0,lrml,1.0,0.8662695885916765,0.0736059024595439,4
695.0,lrml,1.0,0.857139875378809,0.1448915501644737,5
696.0,lrml,1.0,0.8611670179000648,0.0734577459967015,6
697.0,lrml,1.0,0.8553380771702795,0.0721913623693046,7
698.0,lrml,1.0,0.8626407505820098,0.1520999863541649,8
699.0,lrml,1.0,0.8523614839426009,0.1499880877988964,9
700.0,lrml,2.5,,,0
701.0,lrml,2.5,,,1
702.0,lrml,2.5,,,2
703.0,lrml,2.5,,,3
704.0,lrml,2.5,,,4
705.0,lrml,2.5,,,5
706.0,lrml,2.5,,,6
707.0,lrml,2.5,,,7
708.0,lrml,2.5,,,8
709.0,lrml,2.5,,,9
710.0,lrml,5.0,,,0
711.0,lrml,5.0,,,1
712.0,lrml,5.0,,,2
713.0,lrml,5.0,,,3
714.0,lrml,5.0,,,4
715.0,lrml,5.0,,,5
716.0,lrml,5.0,,,6
717.0,lrml,5.0,,,7
718.0,lrml,5.0,,,8
719.0,lrml,5.0,,,9
720.0,dbaql,0.01,0.971941201874928,1.128669050220858,0
721.0,dbaql,0.01,0.9777968805254204,1.0216367144570682,1
722.0,dbaql,0.01,0.9694383518872782,1.020426251981013,2
723.0,dbaql,0.01,0.9820891670856507,1.3158084203905738,3
724.0,dbaql,0.01,0.9779053739122464,1.1086551453507518,4
725.0,dbaql,0.01,0.9768518547157874,1.0155737896731771,5
726.0,dbaql,0.01,0.9800266063367016,1.143518692278224,6
727.0,dbaql,0.01,0.9829008231892368,1.0204978606533217,7
728.0,dbaql,0.01,0.9797754756721552,1.0312307001064644,8
729.0,dbaql,0.01,0.969806252746028,1.0166635200638472,9
730.0,dbaql,0.025,0.9726399663647172,0.840449312159574,0
731.0,dbaql,0.025,0.9690405636731302,0.8374703471080577,1
732.0,dbaql,0.025,0.964694716854021,1.1088914114851982,2
733.0,dbaql,0.025,0.9717892038849532,1.0980360808323897,3
734.0,dbaql,0.025,0.9730437848843284,0.831530372887608,4
735.0,dbaql,0.025,0.969428520534362,0.8395808134431547,5
736.0,dbaql,0.025,0.9609611644021352,0.8384479720634297,6
737.0,dbaql,0.025,0.9741290687919244,1.456235517849556,7
738.0,dbaql,0.025,0.967711640075373,0.8385611717169331,8
739.0,dbaql,0.025,0.9682834262084216,1.1369871506052776,9
740.0,dbaql,0.05,0.9758317191004752,0.505563346480496,0
741.0,dbaql,0.05,0.9692527065252652,0.4958343318181495,1
742.0,dbaql,0.05,0.9710938023148338,0.4942787706534463,2
743.0,dbaql,0.05,0.9689288314777076,0.4983141433566853,3
744.0,dbaql,0.05,0.9698402047959972,0.4955533599752695,4
745.0,dbaql,0.05,0.9658797579819802,0.49834621659759,5
746.0,dbaql,0.05,0.9737377057804842,0.8720935933233688,6
747.0,dbaql,0.05,0.9657237186891144,0.489764635600834,7
748.0,dbaql,0.05,0.9609019457851536,0.4976667616804455,8
749.0,dbaql,0.05,0.9676253208285488,0.4966482645213995,9
750.0,dbaql,0.1,0.9696557002734626,0.2878396149066659,0
751.0,dbaql,0.1,0.954211122476554,0.2896321267982891,1
752.0,dbaql,0.1,0.960454267098743,0.2875013701385677,2
753.0,dbaql,0.1,0.9638028013009462,0.284582405981909,3
754.0,dbaql,0.1,0.959104986950464,0.466785295871354,4
755.0,dbaql,0.1,0.9610160292316576,0.443590938073659,5
756.0,dbaql,0.1,0.9597033259914024,0.4489912553267045,6
757.0,dbaql,0.1,0.956556104958756,0.2844437159315703,7
758.0,dbaql,0.1,0.9613266107152156,0.2849570544839764,8
759.0,dbaql,0.1,0.9549020171361626,0.6386502663825173,9
760.0,dbaql,0.25,0.9226100406600454,0.1172364387260713,0
761.0,dbaql,0.25,0.9233359929186408,0.1176857242214544,1
762.0,dbaql,0.25,0.9133712576973484,0.1846209687849154,2
763.0,dbaql,0.25,0.9214619230573008,0.1911387897140506,3
764.0,dbaql,0.25,0.9235323731640236,0.1204307763217932,4
765.0,dbaql,0.25,0.9091337445515963,0.1176472440807226,5
766.0,dbaql,0.25,0.9183852306132612,0.1874551892090515,6
767.0,dbaql,0.25,0.9156393210492388,0.260810640697485,7
768.0,dbaql,0.25,0.9327700469884148,0.1859513925583885,8
769.0,dbaql,0.25,0.9097577423980692,0.1908154840342584,9
770.0,dbaql,0.5,0.6384153916071227,0.5517979723135529,0
771.0,dbaql,0.5,0.6689159600291459,0.551609258938884,1
772.0,dbaql,0.5,0.7213920519041421,1.1327057199839576,2
773.0,dbaql,0.5,0.6683829161239846,1.0419066277840638,3
774.0,dbaql,0.5,0.6844842515351193,0.8178006026621921,4
775.0,dbaql,0.5,0.6528005181237241,0.5482191790093944,5
776.0,dbaql,0.5,0.6769698240192956,1.3786880053170305,6
777.0,dbaql,0.5,0.6930673590734369,0.552309468779244,7
778.0,dbaql,0.5,0.6688387417971972,0.9183437965512627,8
779.0,dbaql,0.5,0.6692302104303962,0.8578530866437344,9
780.0,dbaql,1.0,,,0
781.0,dbaql,1.0,,,1
782.0,dbaql,1.0,,,2
783.0,dbaql,1.0,,,3
784.0,dbaql,1.0,,,4
785.0,dbaql,1.0,,,5
786.0,dbaql,1.0,,,6
787.0,dbaql,1.0,,,7
788.0,dbaql,1.0,,,8
789.0,dbaql,1.0,,,9
790.0,dbaql,2.5,,,0
791.0,dbaql,2.5,,,1
792.0,dbaql,2.5,,,2
793.0,dbaql,2.5,,,3
794.0,dbaql,2.5,,,4
795.0,dbaql,2.5,,,5
796.0,dbaql,2.5,,,6
797.0,dbaql,2.5,,,7
798.0,dbaql,2.5,,,8
799.0,dbaql,2.5,,,9
800.0,dbaql,5.0,,,0
801.0,dbaql,5.0,,,1
802.0,dbaql,5.0,,,2
803.0,dbaql,5.0,,,3
804.0,dbaql,5.0,,,4
805.0,dbaql,5.0,,,5
806.0,dbaql,5.0,,,6
807.0,dbaql,5.0,,,7
808.0,dbaql,5.0,,,8
809.0,dbaql,5.0,,,9
,aqfl,0.01,0.9705637411043864,1.6981983656210942,0
,aqfl,0.01,0.9797481134250412,1.8936419608258657,1
,aqfl,0.01,0.9749045489245328,1.8133827471960304,2
,aqfl,0.01,0.965249560889788,1.9140435774261264,3
,aqfl,0.01,0.9770399965804536,1.6794573983722407,4
,aqfl,0.01,0.9744379989594454,1.6796726415673122,5
,aqfl,0.01,0.9748447416058044,1.6660444614412873,6
,aqfl,0.01,0.9808101101756912,1.682455328172213,7
,aqfl,0.01,0.9719838019650778,1.6880943725818378,8
,aqfl,0.01,0.974012832733395,1.774142990116952,9
,aqfl,0.025,0.977870338228182,1.233189409382589,0
,aqfl,0.025,0.9807737273750828,1.481434448554628,1
,aqfl,0.025,0.9754723175166872,1.2188029469510964,2
,aqfl,0.025,0.9778052715970552,1.2410507835717923,3
,aqfl,0.025,0.9739853589546984,1.2229749137756565,4
,aqfl,0.025,0.9784276635925636,1.2513365195257518,5
,aqfl,0.025,0.9742885448848828,1.4992237571725782,6
,aqfl,0.025,0.9729180197281532,1.220993685361973,7
,aqfl,0.025,0.978804216293851,1.229652909920318,8
,aqfl,0.025,0.9832941950690584,1.229697785639413,9
,aqfl,0.05,0.9698910493227886,0.8874624110959066,0
,aqfl,0.05,0.975113606769126,0.8824340078940468,1
,aqfl,0.05,0.972712550229684,0.8914132242659503,2
,aqfl,0.05,0.9728928525440278,1.1891656280463254,3
,aqfl,0.05,0.9698798409376176,0.8842557170379629,4
,aqfl,0.05,0.973563866264245,0.8893033051953927,5
,aqfl,0.05,0.9761806065402344,0.8877552787483713,6
,aqfl,0.05,0.9664180152928455,0.8751703484439869,7
,aqfl,0.05,0.9692070037347148,1.1220057437678093,8
,aqfl,0.05,0.963911075819924,1.1199319904581362,9
,aqfl,0.1,0.9620805105361214,0.3806380778669059,0
,aqfl,0.1,0.958970964420936,0.3801944856601852,1
,aqfl,0.1,0.9632355401143432,0.3766670224334728,2
,aqfl,0.1,0.960798682947352,0.382582412236755,3
,aqfl,0.1,0.9618737929043129,0.5589557598508142,4
,aqfl,0.1,0.962589997942676,0.3816829563770522,5
,aqfl,0.1,0.9578015931582194,0.5415278014038355,6
,aqfl,0.1,0.958583942112862,0.3773590105868098,7
,aqfl,0.1,0.9558820661203936,0.3763307837629236,8
,aqfl,0.1,0.9605109548192704,0.3780170107871844,9
,aqfl,0.25,0.924276090661122,0.1235801792679168,0
,aqfl,0.25,0.9225270268474706,0.1858196209074164,1
,aqfl,0.25,0.927696129337448,0.1264968906173518,2
,aqfl,0.25,0.9189469926860474,0.1273463485422744,3
,aqfl,0.25,0.9237208678124588,0.1890643248503807,4
,aqfl,0.25,0.9250651082482946,0.2447164082416771,5
,aqfl,0.25,0.9231359826761182,0.1239060112663933,6
,aqfl,0.25,0.9246651137607405,0.1853554645963787,7
,aqfl,0.25,0.9223545632603636,0.1868432898498004,8
,aqfl,0.25,0.927647988529352,0.1272380277001198,9
,aqfl,0.5,0.8772060843112122,0.0719632529614403,0
,aqfl,0.5,0.8699458708440652,0.1293389649707635,1
,aqfl,0.5,0.877905645258812,0.1308405079041368,2
,aqfl,0.5,0.8854491154580028,0.0691427139891577,3
,aqfl,0.5,0.8850764151965559,0.1321022502942957,4
,aqfl,0.5,0.8735073755310441,0.1284468381578688,5
,aqfl,0.5,0.8754205899188527,0.1224827540425697,6
,aqfl,0.5,0.8818726651585602,0.0718950316285034,7
,aqfl,0.5,0.8736210948788211,0.1704574599070465,8
,aqfl,0.5,0.8751027335585095,0.1236366851309687,9
,aqfl,1.0,0.8591083339276083,0.1071738047704784,0
,aqfl,1.0,0.8542315215504496,0.1038089968123525,1
,aqfl,1.0,0.8709455062166089,0.1512886948092185,2
,aqfl,1.0,0.8599192790894012,0.0561922646590517,3
,aqfl,1.0,0.8591028914731578,0.1063085338067277,4
,aqfl,1.0,0.8407236469926138,0.106468688507184,5
,aqfl,1.0,0.8568968276329105,0.0546622757989414,6
,aqfl,1.0,0.8536620123991743,0.1080395302951705,7
,aqfl,1.0,0.8509087766008161,0.105726286375432,8
,aqfl,1.0,0.8463483966419589,0.0564917970765955,9
,aqfl,2.5,0.8326311798664101,0.0539638921983748,0
,aqfl,2.5,0.8420953686554566,0.0535451666331532,1
,aqfl,2.5,0.8669223914108588,0.0545299150572796,2
,aqfl,2.5,0.8398344039494987,0.0537466856708519,3
,aqfl,2.5,0.863090809322719,0.090379177625754,4
,aqfl,2.5,0.8440274633255903,0.0531747124823708,5
,aqfl,2.5,0.8443409987541672,0.0535117923549222,6
,aqfl,2.5,0.8421668823470536,0.1043087228526513,7
,aqfl,2.5,0.8407671440109843,0.1503554712390575,8
,aqfl,2.5,0.8380676690484106,0.0543856243760614,9
,aqfl,5.0,0.8470656575818429,0.1443107234500437,0
,aqfl,5.0,0.8370351625060138,0.0518861719879602,1
,aqfl,5.0,0.8455517670742702,0.0523473285127149,2
,aqfl,5.0,0.8580584045092692,0.0849190807666991,3
,aqfl,5.0,0.8406588785378263,0.0989301763363922,4
,aqfl,5.0,0.8260539339191455,0.099827926125923,5
,aqfl,5.0,0.829242695141409,0.0992484538385808,6
,aqfl,5.0,0.8485745667908923,0.0525768664202045,7
,aqfl,5.0,0.8348635274068511,0.051303564187673,8
,aqfl,5.0,0.8435462212441489,0.0517131293994384,9
